USE SessionDB

INSERT INTO Directions VALUES 
	('230100','Информатика и вычислительная техника', 10),
	('231000','Программная инженерия', 10),
	('230400','Информационные системы и технологии', 10),
	('230200','Системы автоматического управления', 5)

INSERT INTO Groups VALUES 
	('13504/1', 231000, 1, 5),
	('13504/2', 231000, 3, 5),
	('13504/3', 230100, 5, 10),
	('13504/4', 230400, 8, 10)

INSERT INTO Students VALUES 
	('Иванов Иван', '13504/1'),
	('Смирнов Василий', '13504/4'),
	('Житников Петр', '13504/2'),
	('Семенов Николай', '13504/2'),
	('Веселов Андрей', '13504/3'),
	('Шуман Дмитрий', '13504/1'),
	('Симонов Евгений', '13504/2'),
	('Епифанова Зинаида', '13504/4'),
	('Сумарокова Нина', '13504/4'),
	('Широков Алексей', '13504/4'),
	('Ветрова Ксения', '13504/3'),
	('Свечнова Елена', '13504/4'),
	('Житомирская Екатерина', '13504/1'),
	('Никодимов Семен', '13504/2'),
	('Шведов Эдуард', '13504/1'),
	('Светлов Сергей', '13504/2'),
	('Кленова Жанна', '13504/1'),
	('Пугачев Емельян', '13504/3'),
	('Нарышкин Петр', '13504/3'),
	('Романова Екатерина', '13504/3')

INSERT INTO Disciplines VALUES 
	('Физика'),
	('Математика'),
	('Электроника'),
	('Философия')

INSERT INTO Uplans VALUES
	(230100, 1, 1),
	(230100, 1, 2),
	(230100, 2, 1),
	(230100, 2, 2),
	(230100, 3, 2),
	(230100, 4, 1),
	(231000, 1, 1),
	(231000, 2, 2),
	(231000, 3, 2),
	(230400, 1, 1),
	(230400, 2, 2)

INSERT INTO Balls VALUES 
	(7, 1, 4, '10.01.2014'),
	(1, 2, 3, '14.01.2014'),
	(7, 6, 5, '10.01.2014'),
	(7, 13, 4, '10.01.2014'),
	(7, 15, 5, '10.01.2014'),
	(7, 17, 5, '10.01.2014'),
	(7, 14, 4, '12.01.2014'),
	(1, 18, 5, '14.01.2014'),
	(1, 19, 4, '14.01.2014'),
	(3, 18, 5, '16.01.2014')

GO
